<?xml version="1.0" encoding="UTF-8"?>
<beans xmlns="http://www.springframework.org/schema/beans"
    xmlns:xsi="http://www.w3.org/2001/XMLSchema-instance"
    xsi:schemaLocation="http://www.springframework.org/schema/beans
        http://www.springframework.org/schema/beans/spring-beans.xsd">

	
	<bean id="miDataSource" 
	class="org.springframework.jdbc.datasource.DriverManagerDataSource">
		<property name="driverClassName" 
			value="com.mysql.jdbc.Driver"/>
		<property name="url"
			value="jdbc:mysql://172.16.13.66:3306/bd_tienda_marcos"/>
		<property name="username" value="marcos"/>
		<property name="password" value="1234"/>
	</bean>

	<bean id="usuariosDAO" 
	      class="daos.UsuariosDAOImpl" >
<!-- 	      la siguiente linea ejecuta el setElDataSource dandole -->
<!-- 	      la bean de arriba de id miDataSource -->
		<property name="elDataSource" ref="miDataSource"/>      
    </bean>
    
    <bean id="productosDAO"
    	class="daos.productosDAOImpl">
    	<property name="dataSource" ref="miDataSource"/>
    </bean>
    
       <bean id="categoriasUsuariosDAO"
    	class="daos.CategoriasUsuariosDAOImpl">
    	<property name="dataSource" ref="miDataSource"/>
    </bean>
    
      <bean id="ServiciosDAO"
    	class="daos.serviciosDAOImpl">
    	<property name="dataSource" ref="miDataSource"/>
    </bean>
    
       <bean id="CategoriasDAO"
    	class="daos.categoriasDAOImpl">
    	<property name="dataSource" ref="miDataSource"/>
    </bean>

</beans>